USE gimnasio;
INSERT INTO administradores(nombre, apellido,username,`password`)VALUES
('eldeposito','eldeposito','admin','1234');

INSERT INTO  clientes(sexo,dni,nombre,apellido,fechaNacimiento,telefono,direccion,email) VALUES
('Masculino',42032779,'Hee','radio','2001-07-30','4652041','22 Marsh Ave.','grady@att.net'),
('Femenino',31352234,'Muoi','asperse','1979-07-01','4828751',"'Salisbury, MD 21801'",'mcrawfor@sbcglobal.net'),
('Masculino',36781997,'Elenore','unsleepy','1965-12-15','4625700','9486 West Trenton St.','jyoliver@msn.com'),
('Femenino',37933756,'Tawna','unlabored','1980-11-24','4876417',"'Fremont, OH 43420'",'bryanw@outlook.com'),
('Masculino',31960947,'Ha','echolalia','1971-11-23','4658451','7879 Old East Street','cmdrgravy@gmail.com'),
('Femenino',21139257,'Krysta','companion','1978-09-07','4855624',"'Rapid City, SD 57701'",'sharon@outlook.com'),
('Masculino',41732531,'Rosaura','epitheliomas','1994-03-07','4326824','763 North Ave.','mrobshaw@yahoo.ca'),
('Femenino',28112389,'Jammie','crepitation','1960-11-03','4781054',"'Cumming, GA 30040'",'singh@mac.com'),
('Masculino',28807669,'Jannie','regrew','1977-06-24','4500097','751 West Shadow Brook St.','boser@comcast.net'),
('Femenino',50044123,'Marvis','frizzly','1966-04-18','4304224',"'Clearwater, FL 33756'",'kudra@comcast.net'),
('Masculino',44146153,'Freeda','transannular','2001-05-01','4615542','70 W. Cherry Hill Street','smeier@comcast.net'),
('Femenino',37382795,'Palmer','magistrateship','1981-05-31','4605918',"'Grovetown, GA 30813'",'terjesa@icloud.com'),
('Masculino',19736000,'Alonzo','palaeogene','1982-06-28','4423305','83 High Point Lane','jorgb@sbcglobal.net'),
('Femenino',31848646,'Alaina','upu','1975-04-26','4551107','Apt 6','hwestiii@yahoo.ca'),
('Masculino',50963649,'Rupert','stratiformis','1961-10-09','4701725',"'Sumter, SC 29150'",'singh@aol.com'),
('Femenino',39376711,'Britteny','wilmerding','1989-05-17','4692918','4 Heather Street','ajohnson@gmail.com'),
('Masculino',49851543,'Rosaline','sukkahs','1994-07-07','4822838',"'Roselle, IL 60172'",'devphil@verizon.net'),
('Femenino',33987360,'Rhett','acetamide','2004-05-09','4555583','3 Prospect Street','djpig@gmail.com'),
('Masculino',24149828,'Barry','complimentary','1992-09-28','4735288',"'Oviedo, FL 32765'",'heidrich@hotmail.com'),
('Femenino',50470333,'Kelsie','yahwe','2005-03-24','4438310','9050 Front Road','pappp@live.com'),
('Masculino',50971578,'Micah','coopt','1975-03-08','4302879',"'High Point, NC 27265'",'hahiss@optonline.net'),
('Femenino',24764638,'Agustina','oversentimentalized','1971-06-02','4874747','20 State St.','treeves@yahoo.ca'),
('Masculino',52984594,'Winter','emaciating','1992-07-22','4310373',"'Holyoke, MA 01040'",'xtang@yahoo.com'),
('Femenino',52738625,'Venessa','reheard','2005-02-02','4840027','8 Wild Rose St.','nweaver@comcast.net'),
('Masculino',34425268,'Nelly','reassociating','2006-07-20','4656062','Apt 56','mhanoh@icloud.com'),
('Femenino',42082684,'Hung','moralizing','1981-03-02','4675269',"'Ankeny, IA 50023'",'catalog@hotmail.com'),
('Masculino',16497921,'Alden','crvecoeur','1988-02-27','4679630','742 Central St.','eurohack@aol.com'),
('Femenino',50862865,'Shavonne','libertinism','1993-10-15','4672067',"'Pewaukee, WI 53072'",'joelw@outlook.com'),
('Masculino',44625109,'Lenita','ochlocratic','1965-04-18','4392920','525 Pearl St.','fraser@yahoo.ca'),
('Femenino',33805131,'Szetlana','gallowglass','1977-01-18','4526568',"'Naples, FL 34116'",'yangyan@yahoo.ca'),
('Masculino',51582122,'Quyen','trinitarianism','1968-04-23','4718631','8795 Sycamore Dr.','twoflower@att.net'),
('Femenino',42612903,'Marine','asperity','1984-02-13','4794729',"'Trenton, NJ 08610'",'jmmuller@mac.com'),
('Masculino',39008035,'Lorrine','abnormalcy','1998-07-05','4315550','229 Homewood Ave.','jmorris@aol.com'),
('Femenino',53036795,'Lucienne','farnese','1987-05-10','4627441',"'Xenia, OH 45385'",'aardo@yahoo.com'),
('Masculino',38740410,'Genevive','schizogonic','1997-03-13','4672662','21 Central St.','cisugrad@live.com'),
('Femenino',14353916,'Davis','nonpartial','1966-01-14','4620504',"'Montgomery Village, MD 20886'",'laird@outlook.com'),
('Masculino',49678406,'Demetra','attirement','1982-08-04','4592691','194 S. Carson Avenue','pappp@hotmail.com'),
('Femenino',35093852,'Hannah','slippery','1999-01-31','4233677',"'Roanoke Rapids, NC 27870'",'afeldspar@hotmail.com'),
('Masculino',37770649,'Marcel','hiawatha','1995-10-02','4322668','7076 Richardson Dr.','rgarton@hotmail.com'),
('Femenino',38922911,'Susan','unrefreshing','1990-06-06','4870271',"'Clarksville, TN 37040'",'solomon@att.net'),
('Masculino',14526689,'Phebe','fatiha','1997-08-08','4732674','7642 S. Country Club Ave.','gboss@me.com'),
('Femenino',19924126,'Vickey','expertized','1965-07-11','4762656',"'Danvers, MA 01923'",'formis@yahoo.ca'),
('Masculino',27146819,'Vernita','hypokalemic','2000-01-06','4769201','83 Theatre Drive','osrin@live.com'),
('Femenino',37883919,'Celena','posttracheal','1969-01-26','4380705',"'Salt Lake City, UT 84119'",'dhrakar@att.net'),
('Masculino',14974135,'Ardelia','picnic','1973-01-16','4732404','8124 Berkshire St.','matthijs@sbcglobal.net'),
('Femenino',46562441,'Roman','assessable','1977-04-09','4663208',"'Saratoga Springs, NY 12866'",'mfburgo@comcast.net'),
('Masculino',50520385,'Summer','functionary','1993-12-21','4535393','68 Penn St.','jpflip@optonline.net'),
('Femenino',28570140,'Kanesha','staircase','1966-10-10','4375033',"'Norcross, GA 30092'",'jonas@yahoo.com'),
('Masculino',14793287,'Sybil','sprucely','1970-09-11','4812534','393 Manhattan Street','shrapnull@icloud.com');

INSERT INTO profesores(sexo,dni,nombre,apellido,fechaNacimiento,telefono,direccion,email) VALUES
('Femenino',37833319,'Nancy','Villareal','1969-01-26','4380705',"'Salt Lake City, UT 84119'",'dhrakar@att.net'),
('Masculino',14933335,'Jose','Perez','1973-01-16','4732404','8124 Berkshire St.','matthijs@sbcglobal.net'),
('Masculino',46533341,'Jose','Hernandez','1977-04-09','4663208',"'Saratoga Springs, NY 12866'",'mfburgo@comcast.net'),
('Masculino',50533385,'Ramon','Lopez','1993-12-21','4535393','68 Penn St.','jpflip@optonline.net'),
('Femenino',28533340,'Sandra','Goñi','1966-10-10','4375033',"'Norcross, GA 30092'",'jonas@yahoo.com');


INSERT INTO horarios(horaInicio,horaFin)VALUES
('08:30:00','09:15:00'),
('09:30:00','10:30:00'),
('10:30:00','11:30:00'),
('13:30:00','14:30:00'),
('14:30:00','15:30:00'),
('15:30:00','16:30:00'),
('17:00:00','18:00:00'),
('18:00:00','19:00:00'),
('19:00:00','20:00:00'),
('20:00:00','21:00:00'),
('21:00:00','22:00:00');

INSERT INTO actividades(id,nombre,costo)VALUES
(1,'zumba',400),
(2,'aero',450),
(3,'funcional',650),
(4,'funcional 2',700),
(5,'tango',500),
(6,'ritmos latinos',500),
(7,'crossfit',3000);

INSERT INTO pagos(actividad_id,momentoPago,monto,fechaDesde,fechaHasta)VALUES
(1,'2018/02/19',1037,'2018/02/19','2018/03/19'),
(5,'2016/05/25',1196,'2016/05/25','2016/06/25'),
(6,'2018/06/23',690,'2018/06/23','2018/07/23'),
(5,'2017/01/04',427,'2017/01/04','2017/02/04'),
(4,'2016/10/05',521,'2016/10/05','2016/11/05'),
(3,'2016/01/18',986,'2016/01/18','2016/02/18'),
(4,'2018/08/23',1201,'2018/08/23','2018/09/23'),
(5,'2016/04/12',1214,'2016/04/12','2016/05/12'),
(3,'2016/12/27',889,'2016/12/27','2017/01/27'),
(7,'2016/06/28',442,'2016/06/28','2016/07/28'),
(6,'2017/02/18',804,'2017/02/18','2017/03/18'),
(3,'2018/04/17',698,'2018/04/17','2018/05/17'),
(6,'2016/10/10',834,'2016/10/10','2016/11/10'),
(7,'2017/11/20',1197,'2017/11/20','2017/12/20'),
(1,'2018/05/24',500,'2018/05/24','2018/06/24'),
(2,'2017/08/17',1078,'2017/08/17','2017/09/17'),
(5,'2018/08/17',1460,'2018/08/17','2018/09/17'),
(3,'2017/07/07',1112,'2017/07/07','2017/08/07'),
(5,'2018/05/25',1040,'2018/05/25','2018/06/25'),
(4,'2018/12/07',1402,'2018/12/07','2019/01/07'),
(1,'2018/09/02',461,'2018/09/02','2018/10/02'),
(7,'2018/01/12',530,'2018/01/12','2018/02/12'),
(7,'2016/11/24',1377,'2016/11/24','2016/12/24'),
(7,'2017/06/14',1284,'2017/06/14','2017/07/14'),
(7,'2018/09/27',1276,'2018/09/27','2018/10/27'),
(4,'2017/04/03',1394,'2017/04/03','2017/05/03'),
(3,'2017/10/04',528,'2017/10/04','2017/11/04'),
(5,'2017/10/09',694,'2017/10/09','2017/11/09'),
(1,'2018/07/09',1439,'2018/07/09','2018/08/09'),
(5,'2018/08/30',1230,'2018/08/30','2018/09/30'),
(6,'2018/02/22',1162,'2018/02/22','2018/03/22'),
(6,'2017/05/08',1432,'2017/05/08','2017/06/08'),
(1,'2016/02/07',420,'2016/02/07','2016/03/07'),
(5,'2016/02/20',357,'2016/02/20','2016/03/20'),
(1,'2018/12/07',1313,'2018/12/07','2019/01/07'),
(6,'2016/04/18',1481,'2016/04/18','2016/05/18'),
(7,'2018/06/11',1278,'2018/06/11','2018/07/11'),
(5,'2018/07/20',1481,'2018/07/20','2018/08/20'),
(7,'2016/06/09',887,'2016/06/09','2016/07/09'),
(7,'2018/10/28',594,'2018/10/28','2018/11/28'),
(6,'2018/12/13',889,'2018/12/13','2019/01/13'),
(1,'2016/11/20',453,'2016/11/20','2016/12/20'),
(6,'2018/02/16',688,'2018/02/16','2018/03/16'),
(4,'2018/04/16',526,'2018/04/16','2018/05/16'),
(5,'2018/02/13',1176,'2018/02/13','2018/03/13'),
(4,'2016/04/29',1487,'2016/04/29','2016/05/29'),
(4,'2017/06/02',588,'2017/06/02','2017/07/02'),
(3,'2018/06/04',533,'2018/06/04','2018/07/04'),
(3,'2018/10/03',1004,'2018/10/03','2018/11/03'),
(7,'2016/07/14',567,'2016/07/14','2016/08/14'),
(6,'2017/07/10',1188,'2017/07/10','2017/08/10'),
(5,'2016/03/19',521,'2016/03/19','2016/04/19'),
(1,'2018/06/24',962,'2018/06/24','2018/07/24'),
(5,'2018/03/18',819,'2018/03/18','2018/04/18'),
(3,'2018/04/29',1146,'2018/04/29','2018/05/29'),
(7,'2018/07/25',725,'2018/07/25','2018/08/25'),
(4,'2018/04/17',1389,'2018/04/17','2018/05/17'),
(7,'2018/02/28',1029,'2018/02/28','2018/03/28'),
(3,'2016/04/02',1392,'2016/04/02','2016/05/02'),
(7,'2017/01/21',1097,'2017/01/21','2017/02/21'),
(5,'2016/06/20',1388,'2016/06/20','2016/07/20'),
(5,'2018/01/29',1212,'2018/01/29','2018/03/01'),
(2,'2017/06/26',948,'2017/06/26','2017/07/26'),
(5,'2017/12/02',492,'2017/12/02','2018/01/02'),
(5,'2016/03/18',1423,'2016/03/18','2016/04/18'),
(7,'2018/08/28',758,'2018/08/28','2018/09/28'),
(1,'2017/06/28',1366,'2017/06/28','2017/07/28'),
(1,'2018/01/02',482,'2018/01/02','2018/02/02'),
(3,'2017/03/25',762,'2017/03/25','2017/04/25'),
(2,'2017/05/11',1041,'2017/05/11','2017/06/11'),
(3,'2017/08/27',890,'2017/08/27','2017/09/27'),
(6,'2016/06/15',1419,'2016/06/15','2016/07/15'),
(7,'2018/06/18',713,'2018/06/18','2018/07/18'),
(4,'2018/08/14',529,'2018/08/14','2018/09/14'),
(4,'2018/03/12',1218,'2018/03/12','2018/04/12'),
(1,'2017/06/17',321,'2017/06/17','2017/07/17'),
(1,'2018/05/10',882,'2018/05/10','2018/06/10'),
(4,'2017/01/08',404,'2017/01/08','2017/02/08'),
(1,'2017/08/20',392,'2017/08/20','2017/09/20'),
(3,'2017/06/13',680,'2017/06/13','2017/07/13'),
(6,'2017/12/05',805,'2017/12/05','2018/01/05'),
(4,'2018/04/06',790,'2018/04/06','2018/05/06'),
(3,'2018/04/26',307,'2018/04/26','2018/05/26'),
(1,'2017/10/05',1000,'2017/10/05','2017/11/05'),
(6,'2017/05/24',565,'2017/05/24','2017/06/24'),
(5,'2018/11/07',338,'2018/11/07','2018/12/07'),
(3,'2016/11/23',616,'2016/11/23','2016/12/23'),
(6,'2017/04/28',1364,'2017/04/28','2017/05/28'),
(3,'2016/11/24',352,'2016/11/24','2016/12/24'),
(4,'2017/08/15',462,'2017/08/15','2017/09/15'),
(4,'2018/12/19',794,'2018/12/19','2019/01/19'),
(7,'2016/12/10',957,'2016/12/10','2017/01/10'),
(2,'2017/05/05',350,'2017/05/05','2017/06/05'),
(4,'2017/02/17',584,'2017/02/17','2017/03/17'),
(2,'2017/04/09',765,'2017/04/09','2017/05/09'),
(4,'2017/04/25',875,'2017/04/25','2017/05/25'),
(7,'2016/11/27',392,'2016/11/27','2016/12/27'),
(4,'2016/09/10',995,'2016/09/10','2016/10/10'),
(4,'2017/07/26',509,'2017/07/26','2017/08/26'),
(3,'2017/03/23',1444,'2017/03/23','2017/04/23'),
(7,'2017/12/14',1349,'2017/12/14','2018/01/14'),
(4,'2016/10/17',523,'2016/10/17','2016/11/17'),
(3,'2018/11/10',1016,'2018/11/10','2018/12/10'),
(1,'2018/04/06',1105,'2018/04/06','2018/05/06'),
(6,'2016/09/13',308,'2016/09/13','2016/10/13'),
(7,'2017/08/21',1470,'2017/08/21','2017/09/21'),
(2,'2018/11/10',913,'2018/11/10','2018/12/10'),
(5,'2017/12/27',770,'2017/12/27','2018/01/27'),
(2,'2016/12/07',1328,'2016/12/07','2017/01/07'),
(4,'2017/11/10',725,'2017/11/10','2017/12/10'),
(4,'2016/06/17',1491,'2016/06/17','2016/07/17'),
(7,'2016/12/16',1177,'2016/12/16','2017/01/16'),
(7,'2016/06/04',535,'2016/06/04','2016/07/04'),
(6,'2016/08/21',1328,'2016/08/21','2016/09/21'),
(1,'2016/02/16',1171,'2016/02/16','2016/03/16'),
(7,'2017/04/23',1159,'2017/04/23','2017/05/23'),
(5,'2016/01/12',517,'2016/01/12','2016/02/12'),
(4,'2017/06/16',1132,'2017/06/16','2017/07/16'),
(3,'2016/06/22',387,'2016/06/22','2016/07/22'),
(7,'2018/04/14',1444,'2018/04/14','2018/05/14'),
(7,'2018/12/19',652,'2018/12/19','2019/01/19'),
(5,'2017/08/24',519,'2017/08/24','2017/09/24'),
(4,'2018/01/02',471,'2018/01/02','2018/02/02'),
(1,'2018/08/15',1046,'2018/08/15','2018/09/15'),
(7,'2016/04/17',893,'2016/04/17','2016/05/17'),
(1,'2016/11/04',668,'2016/11/04','2016/12/04'),
(3,'2016/08/01',344,'2016/08/01','2016/09/01'),
(6,'2017/10/12',1468,'2017/10/12','2017/11/12'),
(7,'2017/12/24',621,'2017/12/24','2018/01/24'),
(1,'2016/11/21',804,'2016/11/21','2016/12/21'),
(4,'2018/03/26',610,'2018/03/26','2018/04/26'),
(3,'2017/10/17',907,'2017/10/17','2017/11/17'),
(6,'2017/08/28',776,'2017/08/28','2017/09/28'),
(7,'2016/08/26',1428,'2016/08/26','2016/09/26'),
(5,'2017/04/05',374,'2017/04/05','2017/05/05'),
(5,'2018/10/31',770,'2018/10/31','2018/12/01'),
(4,'2016/09/28',967,'2016/09/28','2016/10/28'),
(1,'2017/09/04',327,'2017/09/04','2017/10/04'),
(7,'2016/01/07',983,'2016/01/07','2016/02/07'),
(2,'2017/05/12',378,'2017/05/12','2017/06/12'),
(7,'2016/07/04',321,'2016/07/04','2016/08/04'),
(2,'2018/08/31',500,'2018/08/31','2018/10/01'),
(7,'2017/08/02',523,'2017/08/02','2017/09/02'),
(2,'2018/05/13',1047,'2018/05/13','2018/06/13'),
(6,'2018/04/30',939,'2018/04/30','2018/05/30'),
(5,'2016/02/02',1143,'2016/02/02','2016/03/02'),
(1,'2016/09/09',651,'2016/09/09','2016/10/09'),
(1,'2017/10/22',495,'2017/10/22','2017/11/22'),
(2,'2017/10/25',712,'2017/10/25','2017/11/25'),
(3,'2017/06/28',966,'2017/06/28','2017/07/28'),
(7,'2016/04/15',1159,'2016/04/15','2016/05/15'),
(6,'2016/02/03',391,'2016/02/03','2016/03/03'),
(7,'2017/12/01',409,'2017/12/01','2018/01/01'),
(1,'2017/02/02',1197,'2017/02/02','2017/03/02'),
(4,'2017/01/17',332,'2017/01/17','2017/02/17'),
(5,'2016/06/15',551,'2016/06/15','2016/07/15'),
(7,'2016/08/22',911,'2016/08/22','2016/09/22'),
(1,'2017/12/17',927,'2017/12/17','2018/01/17'),
(4,'2017/01/14',676,'2017/01/14','2017/02/14'),
(5,'2016/12/07',671,'2016/12/07','2017/01/07'),
(6,'2018/05/19',1310,'2018/05/19','2018/06/19'),
(5,'2018/03/18',1023,'2018/03/18','2018/04/18'),
(2,'2018/08/13',937,'2018/08/13','2018/09/13'),
(4,'2018/10/19',976,'2018/10/19','2018/11/19'),
(4,'2018/09/10',809,'2018/09/10','2018/10/10'),
(2,'2017/01/02',1223,'2017/01/02','2017/02/02'),
(6,'2017/02/13',828,'2017/02/13','2017/03/13'),
(5,'2016/12/21',876,'2016/12/21','2017/01/21'),
(3,'2018/10/31',834,'2018/10/31','2018/12/01'),
(5,'2018/05/21',681,'2018/05/21','2018/06/21'),
(5,'2016/09/17',456,'2016/09/17','2016/10/17'),
(4,'2016/04/19',384,'2016/04/19','2016/05/19'),
(2,'2017/04/26',535,'2017/04/26','2017/05/26'),
(4,'2016/02/13',729,'2016/02/13','2016/03/13'),
(3,'2017/10/16',407,'2017/10/16','2017/11/16'),
(4,'2016/03/10',516,'2016/03/10','2016/04/10'),
(2,'2017/08/17',858,'2017/08/17','2017/09/17'),
(3,'2016/07/06',1499,'2016/07/06','2016/08/06'),
(5,'2018/07/05',433,'2018/07/05','2018/08/05'),
(5,'2017/10/20',445,'2017/10/20','2017/11/20'),
(6,'2017/03/29',1487,'2017/03/29','2017/04/29'),
(2,'2018/01/27',1049,'2018/01/27','2018/02/27'),
(5,'2016/02/16',647,'2016/02/16','2016/03/16'),
(2,'2018/08/03',843,'2018/08/03','2018/09/03'),
(6,'2016/03/24',1343,'2016/03/24','2016/04/24'),
(6,'2017/10/08',1017,'2017/10/08','2017/11/08'),
(7,'2018/02/02',1418,'2018/02/02','2018/03/02'),
(7,'2016/11/25',431,'2016/11/25','2016/12/25'),
(3,'2018/08/02',887,'2018/08/02','2018/09/02'),
(7,'2018/06/04',1342,'2018/06/04','2018/07/04'),
(3,'2016/11/24',1492,'2016/11/24','2016/12/24'),
(6,'2018/07/30',1445,'2018/07/30','2018/08/30'),
(5,'2018/03/28',571,'2018/03/28','2018/04/28'),
(4,'2017/06/19',1226,'2017/06/19','2017/07/19'),
(6,'2018/10/02',375,'2018/10/02','2018/11/02'),
(4,'2017/02/11',779,'2017/02/11','2017/03/11'),
(6,'2016/03/28',965,'2016/03/28','2016/04/28'),
(7,'2018/04/21',938,'2018/04/21','2018/05/21'),
(5,'2018/06/05',864,'2018/06/05','2018/07/05'),
(4,'2018/09/12',1312,'2018/09/12','2018/10/12');

INSERT INTO clientes_pagos(Cliente_id,pagos_id)VALUES
(9,1),
(16,2),
(31,3),
(24,4),
(38,5),
(10,6),
(32,7),
(11,8),
(7,9),
(26,10),
(32,11),
(12,12),
(20,13),
(7,14),
(42,15),
(46,16),
(39,17),
(18,18),
(26,19),
(16,20),
(48,21),
(38,22),
(32,23),
(36,24),
(42,25),
(43,26),
(19,27),
(38,28),
(32,29),
(39,30),
(25,31),
(45,32),
(28,33),
(10,34),
(25,35),
(5,36),
(22,37),
(32,38),
(19,39),
(33,40),
(42,41),
(16,42),
(42,43),
(24,44),
(35,45),
(30,46),
(38,47),
(31,48),
(31,49),
(48,50),
(17,51),
(10,52),
(38,53),
(40,54),
(21,55),
(21,56),
(16,57),
(27,58),
(28,59),
(16,60),
(24,61),
(6,62),
(3,63),
(36,64),
(22,65),
(40,66),
(43,67),
(39,68),
(45,69),
(47,70),
(16,71),
(18,72),
(2,73),
(11,74),
(5,75),
(20,76),
(38,77),
(44,78),
(45,79),
(40,80),
(28,81),
(23,82),
(45,83),
(35,84),
(47,85),
(17,86),
(25,87),
(24,88),
(13,89),
(4,90),
(10,91),
(9,92),
(3,93),
(26,94),
(38,95),
(40,96),
(31,97),
(7,98),
(7,99),
(20,100),
(41,101),
(6,102),
(28,103),
(18,104),
(32,105),
(35,106),
(23,107),
(5,108),
(4,109),
(8,110),
(46,111),
(37,112),
(40,113),
(29,114),
(12,115),
(26,116),
(16,117),
(16,118),
(11,119),
(20,120),
(40,121),
(43,122),
(23,123),
(22,124),
(28,125),
(34,126),
(40,127),
(31,128),
(26,129),
(34,130),
(20,131),
(41,132),
(8,133),
(20,134),
(7,135),
(11,136),
(6,137),
(43,138),
(32,139),
(37,140),
(25,141),
(24,142),
(37,143),
(37,144),
(47,145),
(13,146),
(9,147),
(47,148),
(42,149),
(28,150),
(44,151),
(4,152),
(43,153),
(35,154),
(10,155),
(21,156),
(31,157),
(7,158),
(15,159),
(22,160),
(20,161),
(43,162),
(18,163),
(22,164),
(34,165),
(24,166),
(12,167),
(44,168),
(10,169),
(3,170),
(20,171),
(18,172),
(9,173),
(10,174),
(45,175),
(46,176),
(17,177),
(6,178),
(27,179),
(36,180),
(30,181),
(39,182),
(26,183),
(31,184),
(1,185),
(19,186),
(29,187),
(9,188),
(19,189),
(34,190),
(45,191),
(7,192),
(3,193),
(16,194),
(29,195),
(28,196),
(40,197),
(27,198),
(33,199),
(17,200);
